name,score
瞬間,-0.040766782789830994
感想,-1.1459250668016543
バイオ,-0.19478738926577785
ハザード,-0.2847786384626413
おもしろい,0.08414061231398005
面白い,-0.18676838198611503
コメント,0.2003083342101586
失礼,-0.15419520786337226
トム,0.40525484739519013
クルーズ,-0.004571862357873707
不可能,-0.3610240561435053
構築,0.062239410780808566
社会,0.6255209917892971
信頼,-0.027111546127607845
危機,0.03411439647484479
脱出,0.1696184647382127
早い,-0.6918919925917972
ラスト,0.7953650501820443
続編,0.4078737909268185
組織,-0.3868825878848045
支持,0.06300424566555221
作品,1.3429492590022638
チーム,0.06490450413742199
評価,-1.1527061821626183
確か,-0.5563428024381714
エージェント,-0.006666370335180449
自分,0.49062525572082755
魅力,-0.14169507445030083
不足,-1.0385427790921529
予想,-0.13701762560665223
スパイ,0.4717645194250379
登場,0.08870655310187264
技術,-0.18541064224049678
個性,-0.5191089129943106
メンバー,0.306605114002725
tv,-0.3988926861283574
シリーズ,-0.04025504671722272
親子,0.048193539183491584
女性,0.09131848747811011
新作,-0.3803245424254565
パート,0.3003228128590749
ほしい,-0.8207696195645783
ビートルズ,0.35722791670406584
アルバム,1.3798763805431837
初期,-0.4226058128918682
シングル,-0.0933738606136927
ヒット,-0.6557094029530252
ベスト,0.5020761450827491
勘違い,-0.390502246416427
公開,0.03222778722253556
映画,-0.0821436083254419
受賞,0.24241079174299643
世界,0.1253264240707637
有名,0.0723908821672879
存在,0.8955355553851447
全編,-0.34077859946255645
鑑賞,0.46750324301761575
ない,-1.1433457223633618
デジタル,-0.4100630299520663
完全,-0.28748804057662775
興味,0.3295158899877142
小説,0.411613241793592
原作,-0.2204104406415455
題名,-0.04475022778226671
短編,-0.19961580902021747
代表,0.7867217764506512
掲載,0.048656284933649964
内容,-0.195821301894522
多い,-0.14246592916254594
タイトル,0.05188573236968548
本編,0.07702677305601066
忠実,-0.016001439518114637
ストーリー,-0.4877613069126048
進行,0.08377122086794447
エピソード,-0.01023420361404143
一部,0.23382826980837654
知識,-0.10752719016146627
高校,0.26997667555102806
大人,0.7138643723076935
今回,0.22694090591593322
両方,-0.02855335874175072
無料,-0.41152190534465066
入手,0.5629643336909144
時間,-0.055089225241858386
短い,0.22209738316272262
よい,0.16793538423637228
深い,1.0347379332492805
理解,-0.9396492056530039
オススメ,0.06959665626646004
不思議,0.2996464045321855
関係,-0.04825353194932785
事件,-0.29664195578070607
それぞれ,0.033322734334651063
真実,0.33136426433091115
大きい,-0.057309614856440996
人間,0.23123338975016852
テーマ,0.15694918187948473
方向,0.13451054970828807
正しい,0.10659870388775348
映像,0.014167962134678018
クリア,0.09422577691703439
美しい,1.3907617477928922
現在,0.2627734387831136
視点,0.168562048180101
描写,0.5873340911987268
印象,-0.5496982855231696
相応しい,0.2002526971305271
堪能,0.738266147983817
良い,0.023516164660740694
最高,1.7928028741155813
感動,-0.22993804691693234
ネタ,-0.790923634595709
連続,0.4649131860159747
正直,-0.6732766929717399
感情,-0.1702825997926861
移入,-0.35891400342258223
説明,-0.6388577002767357
無い,-1.1974220116101673
意外,-0.3638504415005903
方法,0.2134204097060569
気持ち,-0.22891189685245886
悪い,-2.4438483558631328
好き,0.48643248240973286
意味,-1.4178439727044907
行動,-0.10428613130033043
変化,0.2046042343259768
脚本,-0.897262324393889
ダメ,-1.196503853315806
アクション,-0.8779006551608146
シーン,0.42270834663395884
カメラ,-0.3675472865080543
カッコ,0.7967158103319045
いい,0.4450608268582659
クール,0.48901702939358693
全盛期,0.10704320766535677
プロデューサー,0.12286287048409558
一番,0.5639632744087439
ロック,1.2028398631887056
プロデュース,0.2399715211211409
商業,0.16453321819511288
成功,0.7760031462602512
個人,0.10414832830879371
失敗,-0.9105647641231114
ipad,0.05817287268694452
反応,-0.2974545265205366
amazon,-0.9814260117106743
商品,-0.5982299021710215
チェック,-0.08363053407586088
欲しい,-0.15242370435771638
画面,-0.2387098888732261
表示,-0.5320908700602079
解像度,-0.22523567764789884
イギリス,0.4176254964191673
集団,-0.2677653285483518
rd,0.23500560297339876
フル,-0.09097924820051262
前作,-0.0411282422158476
全体,-0.25935031888089943
サウンド,0.2928905557899111
ヘヴィ,0.2044243339039746
アレンジ,0.32661614441486686
効果,0.6468493105598008
大変,1.431889438633537
安価,0.4014750396405987
スピード,0.4861047240036939
ライト,0.30502195997395865
本気,0.08925232333895877
一つ,0.6875418634839993
タイプ,0.35525451478568093
強制,-0.24636546066983836
簡単,-0.3517614272535011
独特,0.8895616129071741
対応,-0.4936779491725583
所有,0.11595489920112255
可能,0.3595675507684895
安心,0.7702413241134315
問題,0.4410663952853866
あたり,0.19165360553289532
ハズレ,0.04109954143667415
幼い,0.518373509578216
記憶,0.2825664616635728
メッセージ,0.0517833675436647
宇宙,0.2652999050391206
最初,0.40630401471293437
希望,0.10799075660124105
人生,0.8647561182472697
いくら,-0.06982549313825691
一流,0.3328396850162999
of,0.7222489159696895
濃い,-0.022086890098398138
ミドル,-0.18841322041271838
テンポ,0.023702610982849495
スロー,-0.05617024968280743
リフ,0.4354491437419774
メロディ,0.3953694855357683
in,0.4310780777418541
my,0.24623610389551417
ジョン,0.20172675158975314
ソロ,0.06678394913465753
アップ,0.4042102260118891
ハード,0.2078550398170728
抜粋,-0.38874190845142476
期待,-1.650533402582129
結成,-0.29897235456234617
路線,-0.8274248786818256
バンド,0.38267564797985876
イメージ,0.07181055755446984
楽曲,0.5937593137582576
そのもの,0.045039381972553034
つまらない,-1.6185628239588885
ブルース,0.311622348848912
場合,-0.10462922419661472
事前,0.017846975773067996
必要,-0.2873081465902472
言葉,0.6873410416455025
否定,0.06076787850561387
スタイル,-0.13207527235697175
曲調,-0.5061347764423858
音楽,1.6118841637451502
回帰,-0.2883144263451791
少ない,0.21130886247748742
ただ,-0.5796010152908636
魔法,0.034385560991828094
現代,0.0884432297589984
感じ,0.746764365895232
女の子,0.3227508974555876
プラス,-0.06885350125376288
かなり,0.6017402840392604
勇気,0.3100248282132351
楽しい,0.8411505439867817
エンディング,-0.2965686484157584
最後,0.13357579464908334
おすすめ,0.7364632715992111
素敵,0.6930751568585279
家族,0.10885223717172483
仲間,0.08222039923635115
意識,0.6421759517115135
綺麗,0.01160948692774961
迫力,0.7256200884242726
すごい,0.9677731254605945
単純,0.13505381377026332
キャラクター,-0.44067614674197264
デザイン,-0.04872529388807334
疑問,-0.8800272293682807
リマ,0.10851412366244934
スター,-0.19945219864964076
非常,1.2176776856457532
普通,-0.19278791875632076
再生,-0.6555816305038962
アコースティック,0.13626482075993998
静か,0.4166745772092391
動物,0.5279553205277179
タッチ,0.2734573179270572
真剣,0.05975887306716554
友人,0.16123440332789055
テクニック,0.1425970038492659
うまい,-0.11700191925267349
出来,0.17830172643301148
凄い,0.02576828982401385
苦手,0.2578265469378576
生活,-0.005588289894732594
主人公,-0.7162014108633
情熱,0.37743177937232264
過程,0.5355230941875437
見事,0.8140041736559831
演技,0.05866236624339708
馬鹿,0.04599138124388151
演出,0.02612679401307366
人々,-0.2329134412122482
ヒロイン,-0.08313473021491449
勝負,0.03324170129732313
象徴,0.2419516814720259
葛藤,0.3017166415399407
観客,-0.08624321519669578
アマゾン,-0.9121873413356784
以来,0.43009805060615186
弱い,-0.20862377556612025
喜び,0.24206588009600946
友達,-0.1249191729036061
無駄,-0.7289363190545901
本物,0.27713962544972864
見た目,0.7074291224777284
証明,0.005984484747420453
接続,0.15422639971922283
最悪,-1.3487677619690022
記念,0.020727019278335146
コンサート,0.21295969480751453
舞台,0.302126944404957
役者,-0.1606748187193131
衣装,0.3600854718416111
リアル,0.25607652337685677
ジャック,0.13020883456760618
マン,0.022724920877361894
アン,0.07886861168181537
ハサウェイ,0.19423392417888363
ラッセル,0.27130573533063274
クロウ,-0.11776536767501958
豪華,0.6142232035532116
共演,0.07152003579096408
ミュージカル,0.5626532138464854
吹き替え,-1.1799965033912994
常識,0.18477537064147426
最近,0.19965378213298515
完璧,0.44091545645589114
例外,0.3826240559748848
是非,0.9667622485348215
ご覧,0.35092950709617193
画像,-0.42982658890874514
文句,0.1879381634144771
酷い,-1.1566119239681576
レンタル,-1.0767320613547697
ものすごい,-0.018040624476793905
明るい,0.4869246452665929
ノリ,0.0668175985666459
久しぶり,0.7641873104526709
満足,1.4973475560664196
残念,-1.853930020808821
奥深い,0.23638221850275326
場面,0.12771563182541168
きっかけ,0.2961504584504374
ファン,0.4129674257207724
ホント,0.35056238283415825
イイ,0.1786867510059
体験,0.026474817033299035
きれい,-0.07039431869359178
事故,0.38017259918734003
状態,-0.8772457598010304
能力,-0.24422848616671033
救い,-0.33573693114126585
元気,0.8362667563013155
この世,0.05461001365820546
出来事,-0.22680899929089213
範囲,0.06396456890166705
観点,0.14070818098166155
dvd,0.5489150138501706
苦労,-0.08942645028687107
工夫,-0.024015207495626495
cg,0.4372335903508261
プロ,-0.1688982281003813
声優,-1.2833428874495478
字幕,0.020493946765105627
待望,0.3337112143607663
発売,0.13221264351915843
マイク,0.03629398645183379
主演,0.5134879652785884
とんでも,0.26292255656953967
オープニング,0.013423742698575394
出演,0.06392839282669771
パロディ,-0.09951472534785138
cd,0.755891987948191
発表,0.2609217397249848
やすい,1.2143280471341624
想像,0.12895757013581566
小さい,0.00202279903017491
低い,-0.43042447031531367
機能,0.4964209368051366
設定,-0.844217833305334
使用,0.19172390549206644
程度,-0.5651444892718201
利用,0.3019636923296785
日本語,0.04514298690802775
薄い,-0.6487065530949423
結局,-1.3405380282253592
人物,-0.11109330640074935
全て,0.24104240861681625
実写,0.09017812644088379
駄作,-1.2864308299373468
間違い,0.5981494214807153
アニメ,0.03171638850190174
最大,-0.22664635234588526
安っぽい,-0.42568293522174006
ハル,-0.5536907050635272
ベリー,-0.5536907050635272
アメリカ,-0.06008825124909045
コンピューター,0.3598580224587307
大統領,0.542507147195148
お互い,0.29479934907901784
戦争,-0.38381525075266193
電話,-0.17766060146380713
混乱,-0.028175785498340333
劇的,0.3613787445731545
詳しい,-0.031061191522617496
時代,0.7065277237720676
批判,0.08158171815055103
感心,0.22844129940650063
かっこよい,0.589003182126273
成立,0.16644050725247292
悲しい,-0.2836521887791813
結末,-0.3733548447535616
機械,-0.2360492427852898
システム,-0.12606614940479885
コピー,-0.34739637450579963
不要,-0.05534288595473975
半年,-0.25670630285619933
廉価,-0.5925706577957575
特典,0.034700331282787156
ディスク,-0.22995768695353752
オフ,-0.49275207005165306
ブルー,-0.4835863855555547
レイ,-0.5220447120736982
収録,1.2180437995692872
吹替え,-0.6349745097654301
放映,-0.20103885641932145
自体,-0.5293747447552104
ok,0.006109254718630949
まとも,-0.48947057944343697
購入,0.6162868615678174
世間,-0.16604242642066033
宗教,0.22155363437541004
私的,0.16350053706657589
ストレス,-0.31400672004918034
バッテリー,-0.17835710965667165
処理,-0.010752360456489876
向上,0.4283835016578943
管理,0.1383247228351669
アプリ,-0.5626337318150824
経過,-0.04411579350758314
便利,0.416648017508299
有料,-0.11157546225279955
環境,-0.3686447608183429
中学,0.041865036836914775
ジャズ,-0.009159182364932602
残り,0.36032964710401266
クラプトン,0.20400871251519567
ギター,0.7549991293091364
要因,-0.08096874397213324
若い,0.8042342219863172
キング,0.03276129935229747
しょぼい,-0.44072573732177195
下手,-0.48471269883518053
スタジオ,-0.11466035812422114
録音,-0.025617027547555384
原点,-0.37778018693379656
主義,0.01711135530860078
トップ,0.47213633602968896
ギタリスト,0.1462646624840658
たくさん,0.1994450474997584
傑作,1.2836115596366366
発生,-0.11918030242574111
長い,-0.6043601304046993
結論,-0.12322037613053799
要素,-0.4342208758890021
雰囲気,0.7649893464866213
難しい,0.47049829402852444
ゴミ,-0.0031053956701625513
芸術,-0.2733841748405865
他人,-0.10372499858100578
新しい,-0.3651616433974933
興味深い,0.5184435747074418
お薦め,0.32975850781947896
ピアニスト,0.23768412980666134
ドイツ,0.24071672353442508
直前,-0.03160412440276216
悪夢,0.3624542351491371
残酷,0.7196521944801678
子供,1.508415271482386
刺激,0.21781792940572836
強い,-0.17117170358421543
注意,-0.30222350316975016
自身,0.5290113744650785
圧倒,0.6079691656799056
辛い,-0.016362297381940158
衝撃,0.02735348024826137
恐怖,-0.16786029756423734
政治,0.5482529554205277
はるか,-0.014684468253325979
ひどい,-0.8779208043793181
現実,0.15454190891145161
テイラー,-0.15033023114756
びっくり,0.38368002076003516
活動,-0.06544110372222454
遊び,0.1973477020858517
半分,0.01908761366036089
me,0.6832781280722311
完成,0.8207467712246687
高い,0.44702973819581426
バラード,0.32118645644154736
日本,-0.6829636298578434
ライブ,1.782632562114607
恋愛,0.009178278075923292
後半,-0.510708038218449
部分,0.15531286963382024
一緒,0.3422800899333103
皆さん,0.17216412283863042
昨日,0.1277368707342873
近所,-0.08279807187418632
通常,-0.017297356703663815
パッケージ,-0.5959102455755436
劇場,0.4766019980650684
コレ,-0.2386047076327779
自然,0.21788944155509793
純粋,0.15654317943592683
仕事,0.3968162521610377
反対,-0.26226019355049174
十分,0.2215371898852166
バレ,-0.10820154034579983
流れ,0.647651929619934
素晴らしい,1.1813971203953506
甘い,-0.2412790002153984
ブライアン,0.3340397525846814
深み,0.11040661658944965
大好き,0.8362995279686247
嬉しい,0.6541309261141441
地味,0.3649727656107937
先日,-0.04411889443149495
考え,0.44303750590300833
パフォーマンス,0.11061634233378563
かっこいい,0.09390669371534852
実感,-0.03833102450418758
自殺,0.11978951312715805
全員,0.28547143501862304
演奏,0.8596687135927255
物足りない,0.21364926493502603
愛情,0.10618823814791456
名曲,0.7677926716562528
動画,-0.22412638262347687
サイト,-0.5468108067186662
ロス,-0.19027830308060917
微妙,-0.6478810175791793
終了,-0.908529268361535
if,0.11591211977383796
you,0.7994564304632339
are,0.03454411255684465
to,0.12884775920125977
love,0.7498903660995455
the,1.4446496138934277
series,-0.09932427621684359
people,0.029985730032197466
who,0.28367798536143835
have,0.09058348388185546
and,0.13254970996386012
some,0.19118225688110263
power,0.11839471109744003
by,0.07259407241689612
is,0.3269459596698481
has,-0.01451476732226649
this,0.6257433760513855
ショー,0.2767001802632532
モノ,-0.3228948942384515
恋人,-0.2889079484263344
戦い,0.5600708748598773
中途半端,-1.2601405249091973
見所,0.07195032194426058
使い,0.10630568121697082
操作,0.09138337706256928
英語,0.18947730303469953
スマート,0.13204182255527772
フォン,0.23789489178095333
必須,-0.04432202794588542
作成,-0.08203913753577641
殆ど,0.020949865544562928
動作,0.03803633805471522
エラー,-0.23900835208744436
地球,0.3321361141267875
ドラマ,0.18789215417540386
物語,-0.33230172151759224
原因,-0.14014491568704354
キャスト,-0.18181982037629274
もったいない,-0.0313549176971759
製作,-0.21287951528143523
制作,-0.7976355649544244
興行,-0.061373022187510506
結果,-0.3403728845852569
価格,0.49883391867249244
性能,0.053992072730345946
充分,0.3514982008914395
ライン,0.058216409947149904
重い,0.77140913883682
にくい,-0.4431104498234318
レベル,-0.5457937171518505
加減,0.017791026875166115
観察,0.290003231173356
名作,0.5721268703084047
冒頭,0.267977084534478
様子,0.2247981467100694
不安,0.46720226091719236
っぽい,0.20659286025894005
心配,0.43714089571807413
砂漠,0.20789736258875527
立派,0.1733110098025128
おかしい,-0.553142545930199
生々しい,-0.040720811839337255
痛々しい,-0.2624146820625156
マッチ,0.5117709103291186
王子,0.6282958534404648
壮大,0.04907905482186344
複雑,0.0038929251487163927
新た,0.991932353301338
発見,0.30871882658762206
偉大,-0.1441895924626844
表現,0.6522327958067566
大切,0.30654110631209575
一見,0.21192918639186956
臨場,0.19212266559012672
疾走,0.32426812932553073
くい,0.3650828009386963
グラフィック,0.27430409456111715
シンプル,0.7755251752518407
戦闘,-0.092808384685841
手抜き,-0.33367947040493
視聴,0.21124027169634688
kindle,-0.25225768601012183
fire,-0.19419282864252066
ジャケ,-0.1004497546184438
当時,1.4152697252178572
オリジナル,-0.6173844113235486
怖い,0.048088186918161885
思い出,-0.34078442674113874
セリフ,-0.011350539825390003
テレビ,0.20811186085027208
放送,0.002962271414889509
クオリティ,0.2297328160410306
品質,0.1839313497787334
バージョン,-0.5195747067294064
blu,-0.23062773613112708
お願い,0.019281693284475293
発揮,0.2195660666698133
同様,0.22014533432608127
荒唐無稽,-0.026402417444994046
娯楽,0.0851760731815138
対照,0.19706015126022575
基本,-0.02284420231554897
前半,-0.4183550629220883
バランス,0.012855691293996135
終盤,0.23747378201187314
価値,-0.2726340963295358
リアリティ,-0.1414756572665867
熱い,0.0034261845871986314
俳優,-0.24418147642238683
ブレイク,0.2762413765550098
ウッド,0.21039663021141583
スペシャル,0.3275625641860431
エディション,0.6392146604069587
多数,0.21161736162961509
画質,-0.2876479397000723
音質,-0.10717104060712723
dts,0.36290199900214487
差別,-0.049502147922440114
多く,-0.3194402965532279
歴史,-0.14037761839457488
未来,-0.031202862106488972
ドラマティック,0.030975572892391674
全曲,0.10572520348379014
サントラ,0.5397795050923497
時期,0.5003061219152773
才能,-0.13918364830897578
イン,0.2082274097185625
トロ,-0.11832728887655394
コード,-0.3009824950406655
ジョージ,0.14378731364625566
ポール,0.3663683931601022
セット,0.49675778673836735
it,0.3822712665182844
be,0.44955736173419514
カントリー,0.05057754726774043
ボーカル,-0.07355386129104921
自信,0.14737431654566274
money,0.24512664747626112
sf,-0.013729692836435796
ホラー,-0.16415494477256706
エイリアン,-0.5271804062648974
監督,-0.4557112787690243
キャメロン,0.0770488730686759
流石,-0.015442667574366195
タイタニック,-0.034620139851387434
ターミネーター,-0.2611922297866837
史上,0.5145455417715407
天才,0.07146924642346551
原題,0.141179391525229
通り,0.6538774351957839
複数,0.1873125094949555
以前,0.01602169071280732
予約,-0.18302053014966585
到着,-0.7268957243512466
思い,0.13574650907824148
予定,-0.0827811378958775
ケース,-1.1280287009645815
直接,-0.15663457490561036
業者,-0.28320055442009595
手元,0.3051428067367171
漫画,-0.4013151441979777
爆発,0.32531490471333085
共通,0.014063633451338613
米国,0.07423394614753387
出身,0.22288966363836607
メタル,0.34146569355721446
th,0.49180503591713987
名前,0.07668264149364049
サイケデリック,0.23965921300880802
コンセプト,0.49567442899517183
楽器,-0.055967278253496525
ヴォーカル,0.46386127845531294
キャッチー,-0.0764405106529092
スコット,-0.16411513809661996
参加,0.41443042257140167
ダーク,0.3027390719711822
メロ,0.18558826722239966
苦悩,0.07793055760728494
重厚,0.18781921611541577
王道,0.15665820020710144
唐突,-0.2213656622814161
安定,0.599718861086853
緊張,-0.23741282553208132
圧倒的,0.06317753794550374
情報,0.19665929635402082
ボーナス,0.4342400740448675
トラック,0.09627644624118789
ベタ,-0.19294607057225885
アメリカン,0.26459234929691255
激しい,-0.011656322208055566
精神,0.2106363933095254
グルーヴ,0.3208228879749523
知性,0.09542754043243298
広い,0.2854398014165743
過去,-0.16645441233731612
易い,0.3119876959240114
自在,0.11748838061546589
注目,0.2547695548891526
構成,0.43785758749031417
孤高,0.23648438276230793
楽しみ,0.3248910852262334
余計,-0.019039732366542512
販売,-0.6051636263607768
素直,-0.4213978401184722
納得,-0.4913520733556226
注文,-0.11247613901154044
評判,-0.5297698790154951
話題,-0.2427445264863355
センス,0.08169460146291507
フランス,0.1015063852237039
気分,-0.02867412822382512
予告,-0.43729772525646204
めちゃくちゃ,-0.2317126800407898
最強,0.030671912314146444
ホン,0.08079246865708373
トー,0.06423500862071746
正解,-0.1903750245194408
値段,0.27061035887426976
安い,-0.332501297224226
種類,0.3227765864170856
全部,0.7045063689462969
ポイント,0.1646639255450552
pop,0.23075079607120458
様々,0.04769966612596584
ジブリ,-0.6789486706655015
興奮,-0.19207146478089657
信者,-0.13971587872789876
海外,0.34798711410741584
pc,0.16612362872918
レビュー,-0.6984513876019347
組み合わせ,-0.003968303155506423
完結,-0.027910632834098174
キャラ,-1.0838140225620478
インパクト,-0.07003089867018453
狂気,0.3744248566524381
黒い,0.003777617801451773
驚き,0.2901088957084379
安易,-0.3343258374647165
バットマン,-0.03535570945069475
相手,0.051784621026847624
代わり,-0.07385361468119107
惑星,0.09814433246362918
作り,0.44756367431554944
事情,-0.1300344785323856
豊か,0.17694012684585325
好み,0.34793666960214004
賛否,0.4243143388304248
両論,0.3211458811466125
人類,0.341399653717042
or,-0.1238108084011189
宣伝,0.11336124473375676
レンズ,0.5660048105433517
マイナス,-0.15407687448273416
純正,-0.02668682767388389
撮影,-0.19841049577010728
良好,0.6490712638061796
劣化,-0.2373254144810154
現時点,0.16238083612438337
厚み,0.15357402766646555
今度,-0.336173713748862
メーカー,-0.5630326140693338
途中,-0.09644000160350398
犠牲,0.1383083566040629
カッコイイ,0.2514986997248289
経験,0.34273968842262664
女優,0.08056729741249292
歌唱,0.1630604948876259
関心,-0.08390918079113806
デスク,0.4761151078097501
世代,0.32805185736133663
夢中,0.5533910392788827
その後,-0.5900468607376316
古代,-0.10595052812406983
カラー,0.16023707284812716
軽い,0.16849661564689739
背景,-0.3146529690873974
適当,0.019066352819016374
状況,0.18109450197699054
ヤマト,-0.7638462070985499
すべて,0.5720701346950527
復活,0.3655247575345667
初回,0.06630787991480344
子ども,0.6918245103318874
展開,-0.36107375826905563
主役,0.036319426535754255
配役,-0.28476027686425054
上手い,-0.08571861811807223
あと,-0.3878797569245989
ワーク,0.034617406137283896
平凡,-0.4887244934254927
遠い,-0.26237379923761256
アングル,0.06495221064721703
表情,0.37252225904239866
意見,-0.3271820660066336
イヤ,-0.236118125102669
ray,-0.3478022413676822
選択,0.09807192977920204
今日,0.09741351071342011
スピーカー,0.2753358758268632
アンプ,0.0042591151495667565
オーディオ,0.06736776261572201
素材,-0.2358367434085088
クラブ,0.46982359249827893
ミックス,0.01819669378243062
ipod,-0.004376142633726714
速い,0.3025400881257792
遅い,0.13471764961925697
スリル,0.20114768274679756
ビート,0.4781808574446878
ダンス,0.671940660115031
悪魔,-0.06036739833383078
殺害,-0.08867386126516436
パワー,-0.3068922334030707
アホ,-0.1603882272348982
キン,0.06910317972432474
ノート,0.06045429215842128
パソコン,-0.6659480575278977
カード,0.0928362800041475
最低,-1.1055973883572063
お金,-0.6444542144922374
批評,0.26604275953369344
レコード,-0.019942342933824093
ナンバー,0.4313371431877591
ほか,0.429830363767245
ソング,0.6820082189271596
ブック,0.12737558500605356
ビックリ,0.5308561726216113
ゲーム,-0.5317848683398564
起動,-0.7568143706883069
しょうが,-0.2570104796365932
メロディー,0.048569969595572096
勧め,0.3254058443485967
責任,-0.35888676549996684
導入,-0.3618993691552252
伏線,-0.2893135798258231
シナリオ,-0.38167277659942656
カット,0.1336842422827306
失望,-0.5072606780275452
時点,-0.34770186692424065
新品,-0.5482575613719888
絵本,0.4215854663182331
外国,-0.13938309923211784
勉強,-0.3636522043569583
小学生,0.47940264770337365
中身,-0.0522641355253731
当たり前,0.20892684389452706
暗い,0.06145727248994487
邦題,0.40272985109683546
単語,0.3442216981299983
重要,-0.03928098719231904
容姿,0.25184018674118
採用,-0.07845731940179024
美人,0.2736156035784658
編集,0.42217493933598566
メリル,0.14596934453306304
ストリープ,-0.06117982323238134
会話,-0.23189219502646835
はじめ,0.04182015541217442
洗練,0.4633570347386701
リズム,0.47674219799374457
本当,0.011777164482174116
ハリウッド,-0.15480645725794687
数々,0.043387921953778524
一言,0.17722981611915048
紹介,0.330147097295279
会社,-0.790592821376404
練習,0.4172425222038109
部屋,0.024325350034484373
マイケル,0.37124452923202267
ヘタ,-0.004173632053758332
サイモン,0.10843764471047942
ドラム,0.12286273602006739
パワフル,0.41410308350703756
ラストシーン,0.8013655410200649
外れ,-0.2386125560754471
洋画,-0.13816609788030756
シリアス,-0.16845816214954348
不能,-0.03886153457566879
うち,-0.17529137823866675
田舎,-0.21256865698817956
イエス,-0.0811691155163179
リリース,-0.09508408353615959
ch,0.15187756231411095
音源,-0.4413345794644999
相性,0.21476521424448464
今後,0.5273238337916938
最終,0.5307935540391958
sacd,0.09884783180438192
プレーヤー,-0.39098516571029557
記載,-0.6170023769886464
audio,0.13263939296358965
hd,0.11648848032680133
ひとつ,0.0019157899046129058
モード,0.22078159773929087
リンク,-0.029492929253427645
ミス,-0.05684323791616673
勢い,0.394791346539334
ジャンル,0.3043994003111163
秀逸,0.396289916265615
派手,-0.36224662965712995
ツボ,0.13017859287156813
若干,0.6262765160303866
ぽい,-0.3232128676132701
エネルギー,0.04103068136358764
特徴,0.22954683116271904
質感,-0.23412828567544242
可愛い,0.34759964352084993
ヒューマン,0.09450310709910843
コメディ,0.10787763171200938
長編,-0.06478352634392454
真珠湾,-0.10341124084702605
攻撃,-0.27817452211763843
理由,-0.35445684666849525
たま,-0.0725409862718836
反戦,-0.01094835595616418
復讐,-0.31497889277974966
面白み,-0.42574735980654554
デビュー,0.6428093686302473
進化,0.5627339050784311
アプローチ,-0.034227890761591266
仕方,-0.600258568116946
緊迫,0.042265402250477944
ふさわしい,0.1968212406635728
中心,0.011580031963409076
ジョー,-0.0051123532141224065
コミック,0.06152970710747341
ドラゴン,-0.5780335188563365
ボール,-0.33922537006980097
世界中,-0.033664203275416194
破壊,-0.035276140310439394
バトル,0.33666703675237497
無視,-0.022469091379773133
性格,-0.2633587477310857
確実,-0.026837707484782106
ダサい,-0.20957675086331926
上映,-0.3798249882683392
ツッコミ,-0.18066827247439152
謝罪,-0.11367247303954002
段階,-0.0058169078193831035
返金,-0.4991751714028901
メール,-0.43058341988344606
交換,-0.9841036344334474
印刷,0.10989328491267779
大丈夫,0.11426714417775911
コス,0.04946682140044579
メタ,-0.33283962174293047
リカ,-0.48009331002429195
久々,-0.11913831330971703
ダウンロード,-0.9526292142536406
削除,-0.9962446203832732
take,0.4333628474574708
with,0.35326966831418005
新曲,0.31870181802573416
life,0.268397746536416
不良,-0.6435199466796211
返品,-1.2157753316951903
押し,0.4382421632008728
位置,-0.3472513477596097
リアルタイム,-0.3663906375932421
懐かしい,0.7790041396834237
マニア,-0.8924575241305971
必見,0.31934822899006465
コメディー,0.28221429129126974
リー,0.055399918002580484
カー,0.35659605260493354
コーラス,0.33567832563039274
スタッフ,0.10593799550768007
メイキング,0.32847412703908035
文化,0.35053567068534
エヴァ,0.1223071377009149
cm,-0.26328228953019706
本体,-0.29570540449114807
ジャケット,0.22017860992890842
アベンジャーズ,-0.5148355416422317
以降,-0.0820370315109415
デラックス,0.25189637347179294
プレイヤー,0.3764686178116936
インタビュー,0.3620041725704561
歌詞,0.3471278595369935
ベース,0.5709240895596878
リミックス,-0.5721265818196373
作業,0.3426109220523221
退屈,-0.9451704233076149
追加,0.49953343552192286
中盤,-0.13756543721402537
スタート,-0.34095266387966344
グレード,-0.0983884226953689
中年,0.03930240133329014
優しい,0.1122856176606749
親友,0.557684017459684
同士,-0.010514343086033356
メニュー,0.3022553034164631
おいしい,0.14747286190603368
友情,0.28027709684564817
交互,-0.019952742820231743
nd,0.24240357039490218
一般,0.08347248207742719
繊細,0.3343915501889256
参考,-0.47957762825234485
do,0.2682372578527689
your,0.01879451520085227
an,0.2827920470013364
book,0.5318342713556367
for,0.09568321158268675
which,0.26941097682985976
one,-0.09227673859752665
ll,0.3039145161495545
but,0.14666117762547062
don,-0.08380354645685253
not,-0.5564239063743134
as,0.1508927885905746
us,-0.14141403825863988
on,0.4031668272681259
his,-0.05585355117025178
really,0.004913771893281096
he,0.1293854528162253
new,0.37258073486381726
lost,-0.023054290564439826
both,-0.12603707356357427
can,0.060808819772116385
its,0.07702647194227992
part,-0.01218500574533285
all,0.1458657736310376
more,0.21370941282547837
better,-0.023096576315097025
that,0.1650576598760948
over,0.14737236095048575
like,0.47482083471792297
will,-0.05217963052718821
little,0.17099693635622748
music,0.03665765722509706
good,0.43652949243709416
well,-0.03891101353308132
time,0.047071131096934955
we,0.08894956473628622
up,-0.03292307628350117
now,-0.16772579399472357
first,-0.007858367733477513
edition,0.060483903672562914
was,-0.38675651857506915
other,0.09823502680041146
any,-0.04832124090051896
at,0.17829277335291208
also,0.07409812329355828
シーズン,0.6151010791386364
レッド,0.36164850573108526
貴重,0.06639102678835329
story,0.05211680280512656
man,0.16884998441019455
best,0.22602052416928828
movie,-0.08209974184891337
so,0.1784448865047698
much,0.3546059575330573
live,0.48933201610532995
from,-0.2239189448144945
again,-0.3141636358421987
out,-0.054290901851762746
big,-0.2925510046789925
当初,-0.18671976826641629
一聴,0.3017057049666269
細部,0.24759803263904084
明らか,-0.21299026449090994
感性,0.0196887983697459
違い,0.14163949969810338
動き,-0.3784501291808901
とこ,-0.17773526917373883
解釈,0.09670289219551188
認識,-0.2136054787097927
限定,0.19100798611588293
唯一,-0.21188465691407898
厳しい,-0.19953723124586623
what,-0.14824697034364837
地元,-0.5743439744337754
真面目,-0.1784735530637523
バカ,-0.4649103443222419
薄っぺら,-0.10373931602528039
二つ,-0.3378487202268002
絶対,0.35086611878353297
サイズ,-0.5088681173152103
感覚,0.2901161806268637
オブ,0.005868906583985221
比較,0.27818644852333296
オチ,-1.1268410300658274
機会,0.4709528918161476
視覚,-0.25903797233709797
ソフト,-0.3275491709612031
検索,-0.6156915795974073
ネット,0.27579370923601754
世紀,0.060842634670410796
bd,-0.6150748912562428
警察,-0.34754015432430657
古い,0.6898768232677874
毎日,0.6768836252459127
ビデオ,0.5096726355920751
テープ,0.0958842860654083
ロバート,-0.023013804775894563
ニーロ,-0.4514831911173078
それなり,0.18350762268982598
細かい,0.22117028073628542
箇所,-0.07645712592890208
不満,-0.14502423475892043
カーチェイス,0.219324356357613
満点,0.4276339136913738
寂しい,0.3949352925781498
大事,-0.5047293425599656
駄目,-0.17118201751337675
イタリア,0.2957757647727792
輝かしい,0.4780225734834716
アナログ,0.05816242603421412
ヘン,-0.1000199333111191
モノラル,0.09393830533582273
ステレオ,0.12270418773255769
確信,-0.24183743275835523
タブレット,0.2178777121468598
ジョニー,0.3815140706717448
リード,0.18562242801326279
android,-0.32594918782180016
ピアノ,0.725715569650348
音声,-0.2734514817468802
ノイズ,-0.40885562922314317
随所,-0.1586089822579324
概念,0.06484502937263792
実験,0.2607085259813071
no,-0.5499416584507459
great,0.2637794795657801
thank,0.253087378788192
影響,0.04869067552684929
独立,-0.012062338736267065
重視,0.07647703159854609
連中,-0.0004751395109568542
愚か,-0.2097835743820236
平和,-0.10804968748191605
斬新,0.004179659597839616
典型,-0.11824045552335524
アーティスト,0.028076326040087047
確立,0.22823875560425946
勝手,0.13014366605804237
ページ,0.06700157506424705
真似,0.09381689023885773
ロンドン,0.2975897142486586
ピンク,0.5588168859720284
行為,-0.2838345014344036
表記,-0.2550640579807398
デヴィッド,0.25841027676150363
幻想,0.27588868342242756
一切,-0.13884733813118488
中古,-0.845408004110372
おまけ,0.061159454360671266
力強い,0.21520183469328139
キャリア,0.36020658129700195
解散,0.19125576275990616
ジミ,0.2865722251953031
中毒,0.21998999180971246
奇跡,0.44052764281380474
珍しい,0.09687525024105921
ユーモア,0.32097760238415607
心地よい,0.6272469139368321
風景,0.4127788714413496
黄金,-0.09016219275817774
ライヴ,0.5830058324512654
確認,-0.5261418735540064
キズ,-0.08337045872664368
高校生,0.49613498328531136
盛り上がり,0.06142881941437951
人達,-0.15137506045353968
引退,0.06445335371061256
お話,0.15899741565978842
宮崎,-0.7342705605991521
最新,-0.044616234901010764
駆使,0.4789373961586724
色彩,0.1949234796946449
強調,-0.27502080630410186
コストパフォーマンス,0.361847303636347
次第,0.2907869349789882
搭載,0.24310567631718416
違和感,-0.27304292098692134
使い方,-0.4377635494047254
プレゼント,0.3902788247229028
無理,-0.41639953481484154
オーケストラ,0.18991842346333218
フィールド,0.05773595691277482
モチーフ,0.14697701444296485
マスター,-0.07997217164090559
変換,0.22730337433924525
st,-0.21914181044323403
ポップ,0.4997645310411281
vs,0.04030823143136337
ハイ,0.34551754230084897
ギターリフ,0.27645194223674
付属,0.328995883742034
充電,0.28119734924562223
ワーナー,-0.26549589981185123
不明,-0.7149774328908108
詐欺,-0.3308409403853149
クライマックス,-0.26751361678420055
作戦,-0.049842713354348686
スミス,-0.24891405806635578
対決,-0.08728782475396232
台無し,-0.6776301097543733
youtube,-0.2095721115173571
端末,-0.3042478730964174
面倒,-0.28014753884536586
リージョン,-0.12965153211146294
文字,-0.005338091011268714
白い,-0.012578673439659835
普段,0.40964186225851373
rock,0.2809969558617599
新鮮,0.6286476320039106
大作,0.011184469729667502
バック,0.9086187094107526
国内,0.14066272115016856
輸入,0.6149534732207133
音響,0.4042243616174658
本来,-0.04640793396277986
持ち味,0.19567053245188964
主題歌,0.07836928305359706
作曲,0.1702377722055289
ロックバンド,-0.14002711302289703
リスナー,0.27490149395984853
恥ずかしい,-0.12080086280735612
現状,-0.3953624770336085
挑戦,0.23827427103385496
ワールド,0.06495860852129406
やさしい,0.44524138123804313
日本人,0.3884446823961576
スクリーン,0.05982445581210465
開発,-0.15403781963455876
番組,-0.0365283751472829
追記,-0.20174905412342384
モンスター,-0.06129746595015682
赤い,0.43153539679217273
夫婦,0.05206537113008427
感謝,0.2215613671918675
開始,-0.5660722816563086
人気,-0.12711039182840914
分厚い,0.11234836405201593
全米,0.09138608238316957
製品,0.12993846162671904
let,-0.05499358997030545
ハズ,-0.06961455412985317
自由,-0.05940783394138453
小型,-0.10226736846211142
ロボット,0.3133044745267542
恐ろしい,0.27968987469620094
大量,-0.1127245053165994
味わい,0.11623799354929887
左右,0.12799776190251363
仕様,-0.5891195310044034
意図,-0.7524598194370596
怒り,-0.11682746722888929
処分,-0.09759797645909281
コミカル,0.12365306076208554
実話,-0.07045809209267999
実行,-0.04682765987069232
内部,-0.08968110412692305
ケイト,-0.2072473919363011
スパイダーマン,-0.021632314057825702
格好,0.43360476919262647
写真,0.2082501806712977
usb,-0.6006637806268115
ブラック,0.30245153037627626
ピース,0.42360396961272234
切ない,0.7005531084082778
成長,0.7941943291754325
多彩,0.009479295661929031
サビ,0.04530365420936897
vo,-0.20150270142747362
音域,0.09067561371761082
青春,0.22132091657515224
痛い,-0.45134645221464137
凄まじい,0.24803858567105613
殺人,-0.1900378342377561
ドキドキ,-0.07999698304167845
後悔,0.10893135320449601
翻訳,-0.21708409058253691
創造,-0.11931664422076368
ミュージシャン,0.3475013144536042
自己,-0.2371524957938145
すばらしい,0.6097011254070853
固定,-0.22296298066506348
拒否,0.2639426228815891
冒険,0.1773698306068073
プラント,0.07435861359900323
指摘,-0.21399041399813648
リピート,0.2073691868274132
カバー,0.022312355542843873
いつか,0.3600705484532014
だめ,-0.32155001825026863
脇役,0.07394467144301532
後者,-0.5671865038198776
アメコミ,-0.4740943629201966
ティム,0.29492889470742994
シン,-0.03826002642250312
思い入れ,-0.3512962489235353
近く,0.12414028153965526
実力,-0.0577106659263237
前後,0.2386186185214683
企画,-0.18772057215738996
直後,-0.030586043196613327
続き,-0.03866566721534709
模様,-0.041801265254199194
マトリックス,0.34174847491690125
ライ,0.39334286348861086
母親,0.08271889094168625
デッキ,0.370678410973646
ステージ,0.5272582263120661
困難,0.10507918055627348
買い物,-0.04166394438707696
クリスマス,0.8367149939092497
いま,0.16574698022268614
近い,-0.04925379648440355
あまり,0.38440534459606557
キャスティング,-0.3355754938747887
仕上がり,0.16107120703597758
アイドル,-0.7365420756747145
結構,0.0010620654891917655
there,-0.2819887302146552
ボーン,0.03251111395236146
別物,-0.06961567813465534
づらい,-0.008160513184805141
リメイク,-0.10832156639851052
難い,-0.2830822916495079
特別,-0.2472552495458565
心理,-0.40273508419196724
ボス,-0.2175146886709532
ファンク,-0.0772439179367143
イマイチ,-0.6988634645881315
集中,-0.11471047136168364
bad,0.2134424062250008
旅行,0.09201886223469845
息子,0.8323525864404968
東京,-0.4040069256484899
同時,0.10561906635309219
人種,-0.02398588190157573
身体,0.3374972002177476
少女,-0.06676250551249378
説得,-0.010257089323926532
ニューヨーク,-0.2259816385187058
自ら,-0.14019275885866175
役柄,-0.013019786751825675
全面,0.19891888994221266
プレイ,0.14029437784492652
disc,0.4003186165963912
両親,-0.1638748110714272
過言,0.25631178885250283
フリー,0.09667170819162824
セクシー,0.44595999719935364
対訳,-0.04244268980574796
構造,0.2992375241499286
抜群,0.8988816920873922
曲目,0.187142114647784
多用,0.011042068330941738
about,-0.02180658533681296
never,0.1472258121857486
選曲,-0.08471242013834851
ジョーンズ,-0.03803514586793907
歌手,-0.1756785035267383
絶賛,-0.2818058957721088
合成,0.25370972271980796
パターン,-0.4082517837998668
アリス,-0.3551309588815385
変更,-0.3063350619943393
グロ,-0.40629899960913185
矛盾,-0.3221965200538495
移動,-0.3985562861294623
父親,-0.12890167784858705
味方,0.14128861329829903
陳腐,-0.4405305239249536
都合,0.0016711423125315573
ヘッドホン,-0.08325069058696492
幸せ,0.18820129874615352
マジック,-0.18604176067400377
戦場,-0.1448234154638642
必死,-0.03241158520581964
いろいろ,0.7440684738166433
ローマ,0.07273185247152492
ツアー,-0.04273193543219324
具合,0.0950802270606646
来日,0.3436500429309675
ボタン,-0.1638279828011894
スケール,-0.12437025402439812
ゾンビ,-0.7043155423682056
john,-0.23597136584510262
thing,-0.18465435612903183
were,0.1452062201859243
アイアン,-0.24959590229566345
ヤツ,0.33468319619054926
素人,-0.20119424229761648
重宝,0.560229792033822
近年,0.2105608970648259
空間,0.33603963199253256
一瞬,-0.0903492051113712
手法,0.03902115464686857
運命,0.555270939898385
インストール,-0.779137893329128
ギャグ,-0.4633074140482086
ガキ,-0.1897156110763248
試し,0.10165707073401524
鮮明,0.16905585998138223
青年,0.16007585604611702
計算,0.40991889362625944
喧嘩,-0.17790650756194729
努力,0.29375558404073804
笑い,0.23391903283953772
反映,-0.1870845493889198
肝心,-0.7459386716186945
得意,0.51550941999648
永遠,0.1558223014668334
クリス,0.29812688067899906
アカデミー,0.43895816478019906
台詞,-0.044176724286181884
不自然,-0.6174063192127109
担当,0.23766164024506034
リスト,-0.03283790037553875
連絡,-0.2961430023880168
頻繁,0.2108846269527056
麻薬,0.4707143667436567
景色,0.3215117625495817
少年,0.24381073336303663
カルチャー,0.3812252131434355
ショック,-0.15168441170474756
解説,0.5464658674419891
前回,0.023054283251652895
アイテム,0.03340710090849381
put,-0.01248345362046836
ラブ,0.0067817053312339125
豊富,-0.09069335903666198
初め,0.4538840717823156
生涯,0.32870854914541564
エッセンス,0.16264509487309128
電池,-0.00013181690628235134
事実,0.0994943492469492
判断,-0.01486866516254277
ボード,0.30363600493542725
序盤,0.004704723074855674
古典,0.3466367108481759
ドライブ,0.054932316187950414
充実,0.25740231166009503
サスペンス,-0.029822102788259888
昨今,0.3490122397583035
一線,0.19198766320472047
兵士,-0.029220490503161944
モデル,0.08666785925366635
マーク,0.2252097412530512
邪魔,-0.2837502611272025
ファンタジー,-0.10268524007689134
コレクター,-0.08041289147213251
正義,0.027172334252829097
悲しみ,0.009957250017830925
丁寧,0.1451384896071362
主張,-0.1639713574729034
浅い,0.03643519056483069
共感,-0.4353379567449356
棒読み,-0.09124984802371042
千尋,0.2419819135382427
ポニョ,-0.12705036634595718
好評,-0.22854549940019978
ii,0.3709461274036603
歌声,0.4729317402010576
エンターテイメント,0.2844044698240529
上手,0.07554808158023175
好感,0.0947826124408974
汚い,-0.002734111869058084
ビル,0.2311935123813006
巨大,-0.2573668388530852
メディア,-0.49139782249695424
エド,0.394294308091462
渋い,0.40350121821321944
伝記,-0.09144750353694535
英国,0.3696698063946928
スピルバーグ,-0.43583567696938813
ほんとう,-0.04654016101246076
臭い,-0.12164527753634195
アレ,-0.125212298694022
そう,0.052153963653887324
かな,0.1207350468926885
考え方,0.10871784209990053
可哀想,-0.14338437271021162
ヒーロー,0.14178182696419073
メイン,-0.3360955311340287
女子,-0.2209329754336283
苦痛,-0.7127033806335318
犯人,-0.06685905630391725
果て,-0.047692624297317555
おかげ,-0.02117202735342153
後味,-0.07578101986155347
次回,-0.05123110473285643
マシ,-0.5239778964782433
情けない,-0.28040166730167987
レース,0.3971010339880981
つまんない,-0.5032568234752686
テンション,0.20093326714523227
ファイル,-0.18384619806278382
うれしい,0.3501134408649858
作者,-0.19217457642454633
情景,0.14911771315749567
やり方,0.09023498916692628
ディズニー,0.2912686509423048
調整,0.3200172631814701
調子,0.10196051355555573
がたい,-0.3571984985035724
データ,-0.4313446406706856
ラジオ,0.47503489104372876
コンパクト,0.5641569738184639
見応え,0.23164486886861516
粗末,-0.3236406910149595
爽快,-0.597565818037471
かわいい,-0.14776027338821324
今年,0.1505750352278527
公式,-0.1647561070774319
カタルシス,0.20302830213987788
誕生,0.04790021892049325
グループ,0.2630971889952316
before,-0.20975792190425585
ブックレット,-0.29928900978163997
マーベル,-0.5294414902206847
ピーター,0.24698343023575278
若者,0.20842095001918562
場所,0.0605734039257157
ニュー,0.26686991387407893
オマージュ,-0.15528857717693292
バス,-0.3526211389832578
落胆,-0.6827725809066928
挿入,-0.020852255545830423
box,0.1192317683998717
衝動,-0.23259293908484252
いかが,0.11380915868464656
消化,-0.41463054531080906
ケーブル,-0.06475837134350121
送料,0.10920350377408204
大胆,0.01128330599982555
キレイ,-0.1005475552158084
剛力,-0.3055907231077028
ジャパン,-0.30543858230418724
タレント,-0.5062906355565124
メン,-0.26107235201984286
ボックス,0.20267255491464894
メジャー,0.1675009682595715
ボリューム,0.09410465124975376
料理,-0.4636314816148353
絶妙,0.027352016535300127
余韻,0.09709002449623705
お気に入り,1.0303160493691796
馴染み,0.15778832674102977
本人,0.22643466209718643
トラブル,0.4691809182632002
設計,-0.06078359965344153
酷評,-0.16863934182691412
ワン,0.35255036363420966
方々,-0.4165990147213012
起用,-0.1432962473519971
発送,-0.12232623643711174
始め,0.14790863389792522
追跡,-0.097734693908205
ドキュメンタリー,-0.4155494122285572
ひと,-0.021746590448057993
孤独,0.4256021401832012
はずれ,-0.5265945271704292
満載,0.09715559716759904
異常,-0.3153512195441714
bgm,0.3525381016699503
再現,0.2269394783998771
使い物,-0.5199715087177114
男性,-0.525305677157
ニコラス,-0.4106625442783375
活躍,0.36018236035560286
立場,0.37705788671467416
ミュージック,0.5077603487444381
出来栄え,0.07306793923101534
嫌い,0.06648849091927006
アート,0.2435884230931679
公演,0.20069755574652462
asin,-0.00958660549022874
クラ,0.28600096674200803
ウド,0.37104071053717197
周り,0.4218054023669846
フィルム,0.19473905545272105
作画,0.007320747403657437
feel,0.13297997887295201
very,0.1723118013743158
上記,-0.14335129779980132
被害,-0.37173305879555013
暴力,0.22440526988351878
セカンド,-0.16572976440447118
前面,-0.35521168030360173
物凄い,-0.16949209145703475
扱い,-0.42767723912798294
ダウン,-0.19945716521565152
マドンナ,0.26382886778106485
機器,-0.331191770954043
皆無,-0.5909113134781293
我慢,0.1328150155829226
観賞,0.3148139048917602
特撮,-0.19057846697566594
アナ,-0.038272358404499815
新聞,0.0637458138407968
ルール,-0.33531934820862946
アニメーション,-0.14450806621096177
予告編,-0.4297349284228247
オペラ,-0.0822678953511463
怪人,-0.11592684921328646
改善,0.06893140176625367
対策,-0.24165775652937507
デジタルリマスター,0.487486340066918
角度,0.35765315751588916
空気,-0.2450153616502306
uk,0.2844744225206937
もどき,0.2420393229074783
音量,-0.40402836100409273
脱退,0.3015582749095163
girl,0.058002362131851844
運転,0.2575661771786576
適度,0.3649174536747654
カリフォルニア,0.4275414877841376
ご都合主義,-0.3066570916901758
伝説,-0.043776099989356755
カリスマ,-0.19797284516119915
美女,-0.25085407763563605
結婚,-0.0992477711940812
ヨーロッパ,0.19288837854755458
学生,0.18640086133983286
ショップ,-0.11519350607127747
初心者,-0.03156460871041908
神様,-0.055135718953184164
ファースト,-0.2338197643035151
エンド,-0.010264693709438008
ヘッド,0.2543642876456427
人選,-0.19658361266815969
端子,0.5036817131933976
吹替,-0.33214812282334916
スポーツ,0.3763694103378692
北欧,0.6526418284638218
録画,0.33601124526910253
world,0.06740894190130929
集大成,0.13561966196111366
形式,-0.0666067020352956
休日,0.19427625612140997
万歳,-0.22482103764105688
デジ,-0.25494437208474585
+切片,-0.1
